Created By,1st Preference,1st Preference Comment,2nd Preference,2nd Preference Comment,3rd Preference,3rd Preference comment,Item Type,Path
Alex,HR,Alex1,Business Development,Alex2,Program Management,Alex3,Item,group/people/GraduateProgramme/Lists/Graduate Preference Form
Betty,Program Management,Betty1,Project Management,Betty2,Procurement,Betty3,Item,group/people/GraduateProgramme/Lists/Graduate Preference Form
Chris,Motion Control,Chris1,Fluid Systems,Chris2,Simulation & Modelling,Chris3,Item,group/people/GraduateProgramme/Lists/Graduate Preference Form
Diana,Project Management,Diana1,Program Management,Diana2,Business Development,Diana3,Item,group/people/GraduateProgramme/Lists/Graduate Preference Form
Erik,Design Engineer,Erik1,Procurement,Erik2,Program Management,Erik3,Item,group/people/GraduateProgramme/Lists/Graduate Preference Form
Francine,Business Development,Francine1,Procurement,Francine2,Program Management,Francine3,Item,group/people/GraduateProgramme/Lists/Graduate Preference Form
Gary,Simulation & Modelling,Gary1,Motion Control,Gary2,Design Engineer,Gary3,Item,group/people/GraduateProgramme/Lists/Graduate Preference Form
Harriet,Simulation & Modelling,Harriet1,Fluid Systems,Harriet2,Design Engineer,Harriet3,Item,group/people/GraduateProgramme/Lists/Graduate Preference Form
Ivor,Business Development,Ivor1,Finance,Ivor2,Program Management,Ivor3,Item,group/people/GraduateProgramme/Lists/Graduate Preference Form
Janet,HR,Janet1,Finance,Janet2,Business Development,Janet3,Item,group/people/GraduateProgramme/Lists/Graduate Preference Form
,,,,,,,,
,,,,,,,,
,,,,,,,,
,,,,,,,,
,,,,,,,,
,,,,,,,,
,,,,,,,,
,,,,,,,,
,,,,,,,,
,,,,,,,,
,,,,,,,,
,,,,,,,,
,,,,,,,,
,,,,,,,,
,,,,,,,,
,,,,,,,,
,,,,,,,,
,,,,,,,,
,,,,,,,,
,,,,,,,,
,,,,,,,,
,,,,,,,,
,,,,,,,,
,,,,,,,,
,,,,,,,,
,,,,,,,,
,,,,,,,,
,,,,,,,,
,,,,,,,,
,,,,,,,,
,,,,,,,,
,,,,,,,,
,,,,,,,,
,,,,,,,,
,,,,,,,,
